{
 "E0": -118396.48677004816,
 "B0": 0.23623790564842856,
 "BP": 3.966730879898861,
 "V0": 26.476085596772357
}