{
 "E0": -118396.48678322426,
 "B0": 0.23607267331029477,
 "BP": 2.830249269643997,
 "V0": 26.488674557008544
}