{
 "E0": -118396.48678322426,
 "B0": 0.2385152822260484,
 "BP": 2.84161691365833,
 "V0": 26.48776150743859
}