{
 "E0": -118396.48756770769,
 "B0": 0.228500617120783,
 "BP": 4.290386151487832,
 "V0": 26.326099359946454
}