{
 "E0": -118396.48759930943,
 "B0": 0.229927288775958,
 "BP": 4.856965946225524,
 "V0": 26.32211980725016
}