{
 "E0": -118396.48759930943,
 "B0": 0.22904643051450657,
 "BP": 4.814965130198519,
 "V0": 26.32246323121869
}