{
 "E0": -118396.48765197994,
 "B0": 0.2257250787252416,
 "BP": 5.878390633293123,
 "V0": 26.478307497170928
}