{
 "E0": -118396.48765197994,
 "B0": 0.2304839360530312,
 "BP": 5.594968471062143,
 "V0": 26.429130065412085
}