{
 "E0": -118396.48674568068,
 "B0": 0.2304045273873347,
 "BP": 3.9832310973509872,
 "V0": 26.485953970286033
}