{
 "E0": -118396.48674619063,
 "B0": 0.23035623729005258,
 "BP": 3.159389086898647,
 "V0": 26.48798854038319
}