{
 "E0": -118396.48674619063,
 "B0": 0.23119251168081206,
 "BP": 3.111130759417183,
 "V0": 26.488026781000915
}