{
 "E0": -118396.48757923151,
 "B0": 0.22545280054944494,
 "BP": 4.0,
 "V0": 26.32283628882511
}