{
 "E0": -118396.48758770649,
 "B0": 0.227495745918495,
 "BP": 4.819977617254041,
 "V0": 26.321600267840427
}