{
 "E0": -118396.48758770649,
 "B0": 0.22716221250471316,
 "BP": 4.811906603377274,
 "V0": 26.32145942203317
}