{
 "E0": -118396.48762886085,
 "B0": 0.22910832621598665,
 "BP": 4.770262955935959,
 "V0": 26.438905685921355
}