{
 "E0": -118396.4876438855,
 "B0": 0.230124768945963,
 "BP": 5.575479803499729,
 "V0": 26.429448451230385
}