{
 "E0": -118396.4876438855,
 "B0": 0.22487324180841367,
 "BP": 5.916867306788688,
 "V0": 26.47839943413128
}