{
 "E0": -118396.487667838,
 "B0": 0.2338522266582777,
 "BP": 5.88631760422204,
 "V0": 26.428596080263947
}