{
 "E0": -118396.487667838,
 "B0": 0.228156244119464,
 "BP": 5.85354152457218,
 "V0": 26.477873114130148
}