{
 "E0": -118396.48677088456,
 "B0": 0.23553380322378997,
 "BP": 2.8513123592188454,
 "V0": 26.488500459787605
}