{
 "E0": -118396.48677088456,
 "B0": 0.2366503400426351,
 "BP": 2.8887050222403463,
 "V0": 26.488019133411633
}