{
 "E0": -118396.48753376774,
 "B0": 0.22042276444712178,
 "BP": 5.3003469748398535,
 "V0": 26.407907802212616
}