{
 "E0": -118396.48755002044,
 "B0": 0.2218471772877812,
 "BP": 7.08399061014642,
 "V0": 26.388852046558966
}