{
 "E0": -118396.48755002044,
 "B0": 0.22289272413010758,
 "BP": 7.117888745307898,
 "V0": 26.388190496923666
}