{
 "E0": -118396.48755456063,
 "B0": 0.222536784353302,
 "BP": 7.063550246542509,
 "V0": 26.38857285548904
}