{
 "E0": -118396.48755399644,
 "B0": 0.22230682344695926,
 "BP": 4.0,
 "V0": 26.395823150161522
}