{
 "E0": -118396.48756231269,
 "B0": 0.22468162522904983,
 "BP": 7.150733090358516,
 "V0": 26.38833555637225
}