{
 "E0": -118396.48756231269,
 "B0": 0.22456535794962923,
 "BP": 7.167495493395317,
 "V0": 26.388249391144523
}