{
 "E0": -118396.48759524782,
 "B0": 0.2293233238418326,
 "BP": 4.866429300500854,
 "V0": 26.322179456114593
}