{
 "E0": -118396.48759524782,
 "B0": 0.22886367970563481,
 "BP": 4.811068741314957,
 "V0": 26.32245476300957
}