{
 "E0": -118396.48755456063,
 "B0": 0.22308618194771423,
 "BP": 7.125902797555771,
 "V0": 26.388057094731874
}